,MAE,RMSE,R² Score
Linear Regression,0.15596222090562312,0.213555918129502,0.8772951148355207
Random Forest,0.18910923286825163,0.24612107611522405,0.8370192764798301
XGBoost,0.16734974526220803,0.23109621118698534,0.8563107488375721
